{"epoch":30,"final_whole_number_accuracy":97.6,"train_loss":0.5518535785310857,"_step":30,"final_r2":0.9905991269334715,"digit_wise_accuracy":99.20524261015059,"test_loss":0.5577512563221039,"mse":155044.40504499996,"whole_number_accuracy":97.6,"r2":0.9905991269334715,"final_mse":155044.40504499996,"_runtime":753,"final_digit_wise_accuracy":99.20524261015059,"_timestamp":1.7635562317156763e+09,"learning_rate":0,"final_test_loss":0.5577512563221039,"_wandb":{"runtime":753}}