{"_step":30,"final_test_loss":0.5598551148460025,"epoch":30,"final_r2":-3.0161365327848396e+06,"final_mse":5.029046846360664e+13,"whole_number_accuracy":47.55,"train_loss":0.5515127337635305,"final_whole_number_accuracy":47.55,"test_loss":0.5598551148460025,"_runtime":745,"learning_rate":0,"_timestamp":1.7635590542835598e+09,"r2":-3.0161365327848396e+06,"final_digit_wise_accuracy":48.276854449960425,"digit_wise_accuracy":48.276854449960425,"_wandb":{"runtime":745},"mse":5.029046846360664e+13}